Job Title,Company Name,Location,Salary,Experience Level,Work Mode,Date Posted
Senior Python Developer,"Payne, Roberts and Davis","Stewartbury, AA",128854,Senior-Level,Remote,2021-04-08
Energy engineer,Vasquez-Davidson,"Christopherville, AA",120904,Senior-Level,Remote,2021-04-08
Legal executive,"Jackson, Chambers and Levy","Port Ericaburgh, AA",141118,Senior-Level,Remote,2021-04-08
Fitness centre manager,Savage-Bradley,"East Seanview, AP",130126,Senior-Level,On-site,2021-04-08
Product manager,Ramirez Inc,"North Jamieview, AP",53200,Mid-Level,Hybrid,2021-04-08
Medical technical officer,Rogers-Yates,"Davidville, AP",54690,Entry-Level,On-site,2021-04-08
Physiological scientist,Kramer-Klein,"South Christopher, AE",140499,Mid-Level,On-site,2021-04-08
Textile designer,Meyers-Johnson,"Port Jonathan, AE",68288,Mid-Level,Remote,2021-04-08
Television floor manager,Hughes-Williams,"Osbornetown, AE",92465,Entry-Level,On-site,2021-04-08
Waste management officer,"Jones, Williams and Villa","Scotttown, AP",105119,Mid-Level,Remote,2021-04-08
Software Engineer (Python),Garcia PLC,"Ericberg, AE",124001,Mid-Level,Remote,2021-04-08
Interpreter,Gregory and Sons,"Ramireztown, AE",127055,Entry-Level,Remote,2021-04-08
Architect,"Clark, Garcia and Sosa","Figueroaview, AA",125101,Mid-Level,Hybrid,2021-04-08
Meteorologist,Bush PLC,"Kelseystad, AA",61328,Mid-Level,Hybrid,2021-04-08
Audiological scientist,Salazar-Meyers,"Williamsburgh, AE",130418,Mid-Level,On-site,2021-04-08
English as a second language teacher,"Parker, Murphy and Brooks","Mitchellburgh, AE",105607,Senior-Level,Remote,2021-04-08
Surgeon,Cruz-Brown,"West Jessicabury, AA",87650,Entry-Level,On-site,2021-04-08
Equities trader,Macdonald-Ferguson,"Maloneshire, AE",91884,Entry-Level,Remote,2021-04-08
Newspaper journalist,"Williams, Peterson and Rojas","Johnsonton, AA",132784,Senior-Level,Hybrid,2021-04-08
Materials engineer,Smith and Sons,"South Davidtown, AP",68413,Entry-Level,Remote,2021-04-08
Python Programmer (Entry-Level),"Moss, Duncan and Allen","Port Sara, AE",73471,Senior-Level,On-site,2021-04-08
Product/process development scientist,Gomez-Carroll,"Marktown, AA",69309,Entry-Level,On-site,2021-04-08
"Scientist, research (maths)","Manning, Welch and Herring","Laurenland, AE",136907,Entry-Level,On-site,2021-04-08
Ecologist,"Lee, Gutierrez and Brown","Lauraton, AP",50038,Entry-Level,Remote,2021-04-08
Materials engineer,"Davis, Serrano and Cook","South Tammyberg, AP",111252,Mid-Level,Remote,2021-04-08
Historic buildings inspector/conservation officer,Smith LLC,"North Brandonville, AP",118690,Senior-Level,Hybrid,2021-04-08
Data scientist,Thomas Group,"Port Robertfurt, AA",71551,Entry-Level,On-site,2021-04-08
Psychiatrist,Silva-King,"Burnettbury, AE",111023,Entry-Level,Remote,2021-04-08
Structural engineer,Pierce-Long,"Herbertside, AA",86014,Senior-Level,Remote,2021-04-08
Immigration officer,Walker-Simpson,"Christopherport, AP",51965,Entry-Level,On-site,2021-04-08
Python Programmer (Entry-Level),Cooper and Sons,"West Victor, AE",84195,Entry-Level,Hybrid,2021-04-08
Neurosurgeon,"Donovan, Gonzalez and Figueroa","Port Aaron, AP",149328,Mid-Level,On-site,2021-04-08
Broadcast engineer,"Morgan, Butler and Bennett","Loribury, AA",106950,Senior-Level,Hybrid,2021-04-08
Make,Snyder-Lee,"Angelastad, AP",128841,Entry-Level,Hybrid,2021-04-08
"Nurse, adult",Harris PLC,"Larrytown, AE",61634,Senior-Level,Hybrid,2021-04-08
Air broker,Washington PLC,"West Colin, AP",57247,Senior-Level,Remote,2021-04-08
"Editor, film/video","Brown, Price and Campbell","West Stephanie, AP",135634,Senior-Level,Remote,2021-04-08
"Production assistant, radio",Mcgee PLC,"Laurentown, AP",62239,Entry-Level,On-site,2021-04-08
"Engineer, communications",Dixon Inc,"Wrightberg, AP",97054,Senior-Level,On-site,2021-04-08
Sales executive,"Thompson, Sheppard and Ward","Alberttown, AE",131319,Senior-Level,Hybrid,2021-04-08
Software Developer (Python),Adams-Brewer,"Brockburgh, AE",86346,Mid-Level,Remote,2021-04-08
Futures trader,Schneider-Brady,"North Jason, AE",139593,Senior-Level,Hybrid,2021-04-08
Tour manager,Gonzales-Frank,"Arnoldhaven, AE",54661,Entry-Level,On-site,2021-04-08
Cytogeneticist,Smith-Wong,"Lake Destiny, AP",67607,Mid-Level,Hybrid,2021-04-08
"Designer, multimedia",Pierce-Herrera,"South Timothyburgh, AP",110960,Entry-Level,Remote,2021-04-08
Trade union research officer,"Aguilar, Rivera and Quinn","New Jimmyton, AE",111772,Mid-Level,Remote,2021-04-08
"Chemist, analytical","Lowe, Barnes and Thomas","New Lucasbury, AP",86370,Mid-Level,Remote,2021-04-08
"Programmer, multimedia","Lewis, Gonzalez and Vasquez","Port Cory, AE",66036,Mid-Level,On-site,2021-04-08
"Engineer, broadcasting (operations)",Taylor PLC,"Gileston, AA",122069,Mid-Level,Hybrid,2021-04-08
"Teacher, primary school","Oliver, Jones and Ramirez","Cindyshire, AA",69619,Entry-Level,Remote,2021-04-08
Python Developer,Rivera and Sons,"East Michaelfort, AA",53944,Mid-Level,Remote,2021-04-08
Manufacturing systems engineer,Garcia PLC,"Joybury, AE",82014,Entry-Level,Hybrid,2021-04-08
"Producer, television/film/video","Johnson, Wells and Kramer","Emmatown, AE",62135,Senior-Level,On-site,2021-04-08
"Scientist, forensic",Gonzalez LLC,"Colehaven, AP",62373,Entry-Level,On-site,2021-04-08
Bonds trader,"Morgan, White and Macdonald","Port Coryton, AE",82247,Mid-Level,Remote,2021-04-08
Editorial assistant,Robinson-Fitzpatrick,"Amyborough, AA",141125,Entry-Level,Hybrid,2021-04-08
Photographer,"Waters, Wilson and Hoover","Reynoldsville, AA",104038,Senior-Level,Remote,2021-04-08
Retail banker,Hill LLC,"Port Billy, AP",112534,Senior-Level,On-site,2021-04-08
Jewellery designer,Li-Gregory,"Adamburgh, AA",91749,Mid-Level,Hybrid,2021-04-08
Ophthalmologist,"Fisher, Ryan and Coleman","Wilsonmouth, AA",59999,Senior-Level,Remote,2021-04-08
"Back-End Web Developer (Python, Django)",Stewart-Alexander,"South Kimberly, AA",83527,Mid-Level,Remote,2021-04-08
Licensed conveyancer,Abbott and Sons,"Benjaminland, AP",57718,Entry-Level,On-site,2021-04-08
Futures trader,"Bryant, Santana and Davenport","Zacharyport, AA",128607,Senior-Level,On-site,2021-04-08
Counselling psychologist,Smith PLC,"Port Devonville, AE",134995,Entry-Level,On-site,2021-04-08
Insurance underwriter,Patterson-Singh,"East Thomas, AE",65943,Mid-Level,Hybrid,2021-04-08
"Engineer, automotive",Martinez-Berry,"New Jeffrey, AP",66413,Mid-Level,On-site,2021-04-08
"Producer, radio","May, Taylor and Fisher","Davidside, AA",127438,Senior-Level,On-site,2021-04-08
Dispensing optician,"Bailey, Owen and Thompson","Jamesville, AA",79639,Senior-Level,Remote,2021-04-08
"Designer, fashion/clothing",Vasquez Ltd,"New Kelly, AP",60631,Senior-Level,Remote,2021-04-08
Chartered loss adjuster,Leblanc LLC,"Lake Antonio, AA",147364,Senior-Level,On-site,2021-04-08
"Back-End Web Developer (Python, Django)","Jackson, Ali and Mckee","New Elizabethside, AA",76758,Entry-Level,On-site,2021-04-08
Forest/woodland manager,"Blankenship, Knight and Powell","Millsbury, AE",135228,Mid-Level,On-site,2021-04-08
Clinical cytogeneticist,"Patton, Haynes and Jones","Lloydton, AP",132191,Senior-Level,Hybrid,2021-04-08
Print production planner,Wood Inc,"Port Jeremy, AA",96270,Entry-Level,Remote,2021-04-08
Systems developer,Collins Group,"New Elizabethtown, AA",73094,Senior-Level,On-site,2021-04-08
Graphic designer,Flores-Nelson,"Charlesstad, AE",77986,Mid-Level,Hybrid,2021-04-08
Writer,"Mitchell, Jones and Olson","Josephbury, AE",100100,Mid-Level,Remote,2021-04-08
Field seismologist,Howard Group,"Seanfurt, AA",79154,Senior-Level,On-site,2021-04-08
Chief Strategy Officer,Kramer-Edwards,"Williambury, AA",68087,Senior-Level,Hybrid,2021-04-08
Air cabin crew,Berry-Houston,"South Jorgeside, AP",103441,Senior-Level,Remote,2021-04-08
Python Programmer (Entry-Level),Mathews Inc,"Robertborough, AP",82921,Senior-Level,Hybrid,2021-04-08
Warden/ranger,Riley-Johnson,"South Saratown, AP",51696,Mid-Level,Remote,2021-04-08
Sports therapist,Spencer and Sons,"Hullview, AA",79424,Entry-Level,Remote,2021-04-08
Arts development officer,Camacho-Sanchez,"Philipland, AP",121803,Mid-Level,Remote,2021-04-08
Printmaker,Oliver and Sons,"North Patty, AE",126868,Entry-Level,Hybrid,2021-04-08
Health and safety adviser,Eaton PLC,"North Stephen, AE",109777,Mid-Level,Hybrid,2021-04-08
Manufacturing systems engineer,Stanley-Frederick,"Stevensland, AP",86743,Mid-Level,On-site,2021-04-08
"Programmer, applications",Bradley LLC,"Reyesstad, AE",79859,Mid-Level,Remote,2021-04-08
Medical physicist,"Parker, Goodwin and Zavala","Bellberg, AP",116252,Entry-Level,Hybrid,2021-04-08
Media planner,Kim-Miles,"North Johnland, AE",50413,Mid-Level,On-site,2021-04-08
Software Developer (Python),Moreno-Rodriguez,"Martinezburgh, AE",127178,Entry-Level,On-site,2021-04-08
"Surveyor, land/geomatics",Brown-Ortiz,"Joshuatown, AE",124541,Entry-Level,On-site,2021-04-08
Legal executive,Hartman PLC,"West Ericstad, AA",91873,Mid-Level,On-site,2021-04-08
"Librarian, academic",Brooks Inc,"Tuckertown, AE",102284,Mid-Level,Remote,2021-04-08
Barrister,Washington-Castillo,"Perezton, AE",89617,Mid-Level,Remote,2021-04-08
Museum/gallery exhibitions officer,"Nguyen, Yoder and Petty","Lake Abigail, AE",131383,Entry-Level,On-site,2021-04-08
"Radiographer, diagnostic",Holder LLC,"Jacobshire, AP",138797,Senior-Level,Hybrid,2021-04-08
Database administrator,Yates-Ferguson,"Port Susan, AE",149706,Entry-Level,Remote,2021-04-08
Furniture designer,Ortega-Lawrence,"North Tiffany, AA",121059,Senior-Level,Hybrid,2021-04-08
Ship broker,"Fuentes, Walls and Castro","Michelleville, AP",126910,Mid-Level,Remote,2021-04-08
